Najlepšie dopyty,Kliknutia,Zobrazenia,MP,Pozícia
vino putec,6,9,66.67%,1.11
vinárstvo,1,18,5.56%,18.17
vinarstvo pezinok,1,10,10%,9.6
putec,1,5,20%,2.4
degustacie vin,1,3,33.33%,9
chardonnay biele,0,77,0%,27.82
rodinne vinarstvo,0,57,0%,5.07
ochutnavka vin s ubytovanim,0,23,0%,18.39
degustacia vina s ubytovanim,0,22,0%,16.77
vinarstvo,0,22,0%,17.09
darčekové sety vína,0,21,0%,17.14
ochutnávka vín pezinok,0,19,0%,5.89
vino pezinok,0,18,0%,20.22
rodinný dom,0,18,0%,32.44
víno k dezertu,0,17,0%,4.76
vína k dezertom,0,16,0%,1
vino k dezertu,0,15,0%,1
ochutnavka vin pezinok,0,14,0%,6
vinárstva pezinok,0,14,0%,11
vino domov,0,13,0%,15.31
cabernet sauvignon rosé,0,13,0%,17.31
ochutnávka vín s ubytováním,0,12,0%,15.08
víno darčekové sety,0,11,0%,22.91
víno pezinok,0,10,0%,13.7
vino obchod,0,9,0%,21
pinot blanc,0,9,0%,26.44
degustácie vín,0,8,0%,8.62
hydine,0,8,0%,8.75
cabernet sauvignon rose,0,8,0%,19.75
degustacie vina,0,7,0%,11.29
vino do domu,0,7,0%,21.29
ružové vína,0,7,0%,23.14
vína k rybám,0,6,0%,3.17
vino vah,0,6,0%,3.83
biele vino polosladke,0,6,0%,23.33
vino biele polosladke,0,6,0%,24.67
vinea tramín červený,0,6,0%,41.17
vinoteka pezinok,0,5,0%,10.4
dunaj vino cervene,0,5,0%,21.4
vino a vinarstvo,0,4,0%,7.75
box na víno,0,4,0%,15.25
víno obchod,0,4,0%,24.75
víno,0,3,0%,10.67
vína,0,3,0%,11.67
rodinné vinárstvo,0,2,0%,1
vino box,0,2,0%,4
palava polosuche,0,2,0%,6
chardonnay polosladké,0,2,0%,8.5
chardonnay 2023,0,2,0%,16
ruzove vina,0,2,0%,16.5
sety na vino,0,2,0%,25.5
polosladke biele vino,0,2,0%,26.5
vinea tramin cerveny,0,2,0%,39
chardonnay 2024,0,1,0%,1
penzion in vino,0,1,0%,2
ubytovanie,0,1,0%,2
vinár,0,1,0%,3
si beau chardonnay 2024,0,1,0%,4
vidiek u mna doma,0,1,0%,5
muller thurgau frizzante,0,1,0%,7
vin box,0,1,0%,8
levanca,0,1,0%,10
box of dvien,0,1,0%,11
dreveny box na vino,0,1,0%,13
nehnutelnosti vinosady,0,1,0%,13
obchod vino,0,1,0%,15
ruzova vina,0,1,0%,16
cabernet sauvignon rose wine,0,1,0%,17
ruzove suche vino,0,1,0%,17
pinot blanc 2022,0,1,0%,22
tramin cerveny biele vino,0,1,0%,22
cabernet sauvignon 2023,0,1,0%,25
dunaj cervene vino,0,1,0%,25
drevený box,0,1,0%,26
cena,0,1,0%,27
darcekove vinove sety,0,1,0%,29
červené víno dunaj,0,1,0%,36
pasecka leanka,0,1,0%,46
blanc,0,1,0%,76
artymia,0,1,0%,93