Najvýznamnejšie stránky,Kliknutia,Zobrazenia,MP,Pozícia
https://vinoputec.sk/,31,530,5.85%,8.13
https://ubytovanie.vinoputec.sk/?_ga=2.200701166.1730617843.1740492068-1103005194.1740492068,4,64,6.25%,13.69
https://vinoputec.sk/degustacie,2,49,4.08%,8.14
https://vinoputec.sk/kontakt,2,22,9.09%,3.05
https://ubytovanie.vinoputec.sk/,1,118,0.85%,10.42
https://vinoputec.sk/kategoria-produktu/vina-k-dezertom/,1,53,1.89%,2.49
https://vinoputec.sk/vina,1,43,2.33%,4.37
https://vinoputec.sk/obchod/,1,34,2.94%,9.88
https://vinoputec.sk/produkt/cabernet-sauvignon-rose-suche-ruzove-2024/,1,31,3.23%,14.29
https://vinoputec.sk/kategoria-produktu/biele-vina/,1,20,5%,1.85
https://vinoputec.sk/kategoria-produktu/vina-k-divine/,1,14,7.14%,3.64
https://vinoputec.sk/produkt/dreveny-box-pre-6-vin/,1,14,7.14%,11
https://vinoputec.sk/produkt/pinot-blanc-biele-suche-2022/,1,13,7.69%,26.62
https://vinoputec.sk/produkt/vah-cervene-suche-2020/,1,11,9.09%,6.64
https://vinoputec.sk/produkt/cabernet-sauvignon-rose-ruzove-polosuche-2022/,1,11,9.09%,7.27
https://vinoputec.sk/produkt/cabernet-sauvignon-rose-suche-ruzove-2023/,1,7,14.29%,10.43
https://vinoputec.sk/produkt/palava-biele-polosuche-2024/,1,4,25%,10.5
https://vinoputec.sk/produkt/pinot-blanc-2019-surlie/,1,1,100%,1
https://vinoputec.sk/produkt/chardonnay-biele-suche-2024/,0,85,0%,26.06
https://vinoputec.sk/kategoria-produktu/darcekove-sety/,0,37,0%,18.97
https://vinoputec.sk/produkt/chardonnay-biele-polosladke-2023/,0,29,0%,16.21
https://vinoputec.sk/kategoria-produktu/cervene-vina/,0,26,0%,1.73
https://vinoputec.sk/kontakt/,0,24,0%,10.75
https://vinoputec.sk/o-nas,0,23,0%,3.09
https://vinoputec.sk/kategoria-produktu/vina-k-hydine/,0,22,0%,5.64
https://vinoputec.sk/vina/chardonnay-2023,0,14,0%,4.86
https://vinoputec.sk/sluzby/,0,14,0%,8.5
https://vinoputec.sk/kategoria-produktu/ruzove-vina/,0,13,0%,20.38
https://vinoputec.sk/produkt/dunaj-cervene-suche-2022/,0,12,0%,24.17
https://vinoputec.sk/produkt/tramin-cerveny-2018-biele-suche/,0,11,0%,34.91
https://vinoputec.sk/produkt/dreveny-box-pre-3-vina/,0,10,0%,5.7
https://vinoputec.sk/produkt/jarne-osviezenie/,0,10,0%,5.7
https://vinoputec.sk/vina/vah-2020,0,10,0%,5.8
https://vinoputec.sk/vina/palava-biele-polosuche-2024,0,9,0%,7.78
https://vinoputec.sk/moznost-spoluprace/,0,7,0%,3.43
https://vinoputec.sk/kategoria-produktu/vina-k-rybam/,0,7,0%,3.57
https://vinoputec.sk/produkt/rizling-vlassky-biele-suche-2023/,0,7,0%,7.43
https://vinoputec.sk/produkt/rizling-rynsky-biele-polosladke-2024/,0,7,0%,14.14
https://vinoputec.sk/vina/cabernet-sauvignon-rose-2024,0,6,0%,3
https://vinoputec.sk/produkt/rizling-vlassky-2020-biele-suche/,0,6,0%,3.17
https://vinoputec.sk/kategoria-produktu/rada-exclusive/,0,6,0%,6
https://vinoputec.sk/o-nas/,0,6,0%,7.17
https://vinoputec.sk/produkt/pesecka-leanka-biele-suche-2023/,0,6,0%,13.17
https://vinoputec.sk/en/vina,0,5,0%,5.4
https://vinoputec.sk/produkt/frankovka-modra-2022-cervene-suche/,0,5,0%,6.2
https://vinoputec.sk/produkt/rizling-rynsky-battonage-2019-biele-suche/,0,5,0%,6.4
https://vinoputec.sk/landingtest/,0,5,0%,7.2
https://vinoputec.sk/produkt/veltlinske-zelene-biele-sladke-2023/,0,5,0%,8
https://vinoputec.sk/produkt/veltlinske-zelene-sur-lie-biele-suche-2024/,0,4,0%,5.75
https://vinoputec.sk/produkt/muller-thurgau-suche-frizzante-2024/,0,4,0%,6
https://vinoputec.sk/produkt/tramin-cerveny-2020-biele-suche/,0,4,0%,10.25
https://vinoputec.sk/produkt/muller-thurgau-biele-suche-2024/,0,3,0%,2
https://vinoputec.sk/produkt/parizske-zlato/,0,3,0%,3.67
https://ubytovanie.vinoputec.sk/blog/,0,3,0%,4
https://vinoputec.sk/kategoria-produktu/vina-k-hovadziemu-masu/,0,3,0%,4.67
https://vinoputec.sk/produkt/rizling-vlassky-biele-suche-2024/,0,3,0%,4.67
https://vinoputec.sk/produkt/dreveny-box-pre-2-vina-rady-exclusive/,0,3,0%,8.33
https://vinoputec.sk/kategoria-produktu/biele-vinacervene-vinadarcekove-setyruzove-vina/,0,3,0%,9.33
https://vinoputec.sk/produkt/rocnik-2023/,0,3,0%,9.33
https://vinoputec.sk/obchod/page/2/,0,3,0%,19
https://vinoputec.sk/kategoria-produktu/vina-k-bravcovemu-masu/,0,2,0%,3
https://vinoputec.sk/produkt/darcekovy-poukaz-30-eur/,0,2,0%,21.5
https://vinoputec.sk/produkt/tramin-cerveny-biele-polosuche-2023/,0,2,0%,22
https://ubytovanie.vinoputec.sk/podujatia/,0,2,0%,47.5
https://vinoputec.sk/kategoria-produktu/vina-k-salatom/,0,1,0%,1
https://vinoputec.sk/produkt/pinot-gris-2021-biele-polosladke/,0,1,0%,1
https://vinoputec.sk/kategoria-produktu/rada-classic/page/3/,0,1,0%,3
https://vinoputec.sk/kategoria-produktu/biele-vina/page/2/,0,1,0%,4
https://vinoputec.sk/kategoria-produktu/rada-premium/,0,1,0%,7
https://vinoputec.sk/wp-content/uploads/2020/08/tramin-cerveny-suche.jpg,0,1,0%,7
https://vinoputec.sk/dakujeme/,0,1,0%,8
https://vinoputec.sk/vina-videa/,0,1,0%,8
https://vinoputec.sk/ochrana-sukromia/,0,1,0%,10
https://vinoputec.sk/reklamacny-poriadok/,0,1,0%,10
https://vinoputec.sk/wp-content/uploads/2024/06/tc-23-v-scaled.jpg,0,1,0%,22
https://vinoputec.sk/wp-content/uploads/2021/11/tramin-cerveny-2020-jedlo-2-600x600.jpg,0,1,0%,24